{
  "appId": "com.youareneveralone.push",
  "appName": "youareneveraloneapp",
  "bundledWebRuntime": false,
  "npmClient": "npm",
  "webDir": "www",
  "plugins": {
    "SplashScreen": {
      "launchShowDuration": 0
    },
    "PushNotifications":{
      "presentationOptions":["badge","sound","alert"]
    }
  },
  "cordova": {
    "preferences": {
      "ScrollEnabled": "false",
      "BackupWebStorage": "none",
      "SplashMaintainAspectRatio": "true",
      "FadeSplashScreenDuration": "300",
      "SplashShowOnlyFirstTime": "false",
      "SplashScreen": "screen",
      "SplashScreenDelay": "3000"
    }
  }
}
